Description,Code,GPG median,GPG mean,,,,,,
"18-21, All Industries and Services",,1.7,4.7,,,,,,
"18-21, All Index of Production Industries",,4.2,5.6,,,,,,
"18-21, All Manufacturing",,3.9,6.4,,,,,,
"18-21, All Service Industries",,1.5,4.8,,,,,,
"18-21,  Agriculture, forestry and fishing ",A,6.6,13.7,,,,,,
" 18-21, Crop and animal production, hunting and related service activities ",1,6.6,13.7,,,,,,
" 18-21, Forestry and logging ",2,x,x,,,,,,
" 18-21, Fishing and aquaculture ",3,x,x,,,,,,
"18-21,  Mining and quarrying ",B,x,x,,,,,,
" 18-21, Mining of coal and lignite ",5,x,x,,,,,,
" 18-21, Extraction of crude petroleum and natural gas ",6,x,x,,,,,,
" 18-21, Mining of metal ores ",7,x,x,,,,,,
" 18-21, Other mining and quarrying ",8,x,x,,,,,,
" 18-21, Mining support service activities ",9,x,x,,,,,,
"18-21,  Manufacturing ",C,3.9,6.4,,,,,,
" 18-21, Manufacture of food products ",10,1.6,0.7,,,,,,
" 18-21, Manufacture of beverages ",11,x,x,,,,,,
" 18-21, Manufacture of tobacco products ",12,x,x,,,,,,
" 18-21, Manufacture of textiles ",13,x,x,,,,,,
" 18-21, Manufacture of wearing apparel ",14,x,x,,,,,,
" 18-21, Manufacture of leather and related products ",15,x,x,,,,,,
" 18-21, Manufacture of wood and of products of wood and cork, except furniture; manufacture of articles of straw and plaiting materials ",16,x,x,,,,,,
" 18-21, Manufacture of paper and paper products ",17,x,x,,,,,,
" 18-21, Printing and reproduction of recorded media ",18,x,24.6,,,,,,
" 18-21, Manufacture of coke and refined petroleum products ",19,x,x,,,,,,
" 18-21, Manufacture of chemicals and chemical products ",20,5.3,-1.2,,,,,,
" 18-21, Manufacture of basic pharmaceutical products and pharmaceutical preparations ",21,x,x,,,,,,
" 18-21, Manufacture of rubber and plastic products ",22,17.6,x,,,,,,
" 18-21, Manufacture of other non-metallic mineral products ",23,x,x,,,,,,
" 18-21, Manufacture of basic metals ",24,x,x,,,,,,
" 18-21, Manufacture of fabricated metal products, except machinery and equipment ",25,8.4,9.1,,,,,,
" 18-21, Manufacture of computer, electronic and optical products ",26,x,-35.2,,,,,,
" 18-21, Manufacture of electrical equipment ",27,x,x,,,,,,
" 18-21, Manufacture of machinery and equipment n.e.c. ",28,4.7,6.7,,,,,,
" 18-21, Manufacture of motor vehicles, trailers and semi-trailers ",29,x,x,,,,,,
" 18-21, Manufacture of other transport equipment ",30,x,20.6,,,,,,
" 18-21, Manufacture of furniture ",31,-7.6,-3.3,,,,,,
" 18-21, Other manufacturing ",32,x,x,,,,,,
" 18-21, Repair and installation of machinery and equipment ",33,x,x,,,,,,
"18-21,  Electricity, gas, steam and air conditioning supply ",D,x,x,,,,,,
" 18-21, Electricity, gas, steam and air conditioning supply ",35,x,x,,,,,,
"18-21,  Water supply; sewerage, waste management and remediation activities ",E,-9.0,-4.7,,,,,,
" 18-21, Water collection, treatment and supply ",36,x,x,,,,,,
" 18-21, Sewerage ",37,x,x,,,,,,
" 18-21, Waste collection, treatment and disposal activities; materials recovery ",38,x,-45.1,,,,,,
" 18-21, Remediation activities and other waste management services ",39,x,x,,,,,,
"18-21,  Construction ",F,2.8,1.3,,,,,,
" 18-21, Construction of buildings ",41,9.9,-1.5,,,,,,
" 18-21, Civil engineering ",42,7.7,4.3,,,,,,
" 18-21, Specialised construction activities ",43,15.6,15.9,,,,,,
"18-21,  Wholesale and retail trade; repair of motor vehicles and motorcycles ",G,-2.3,-4.4,,,,,,
" 18-21, Wholesale and retail trade and repair of motor vehicles and motorcycles ",45,-12.7,-23.1,,,,,,
" 18-21, Wholesale trade, except of motor vehicles and motorcycles ",46,-4.2,-6.3,,,,,,
" 18-21, Retail trade, except of motor vehicles and motorcycles ",47,2.8,3.6,,,,,,
"18-21,  Transportation and storage ",H,9.2,16.3,,,,,,
" 18-21, Land transport and transport via pipelines ",49,8.6,12.3,,,,,,
" 18-21, Water transport ",50,x,x,,,,,,
" 18-21, Air transport ",51,x,x,,,,,,
" 18-21, Warehousing and support activities for transportation ",52,7.0,18.4,,,,,,
" 18-21, Postal and courier activities ",53,18.7,10.0,,,,,,
"18-21,  Accommodation and food service activities ",I,-1.6,-0.5,,,,,,
" 18-21, Accommodation ",55,-0.2,-0.8,,,,,,
" 18-21, Food and beverage service activities ",56,-2.3,-0.4,,,,,,
"18-21,  Information and communication ",J,4.1,6.8,,,,,,
" 18-21, Publishing activities ",58,x,4.3,,,,,,
" 18-21, Motion picture, video and television programme production, sound recording and music publishing activities ",59,38.3,31.2,,,,,,
" 18-21, Programming and broadcasting activities ",60,x,x,,,,,,
" 18-21, Telecommunications ",61,1.0,-0.8,,,,,,
" 18-21, Computer programming, consultancy and related activities ",62,8.8,8.0,,,,,,
" 18-21, Information service activities ",63,x,x,,,,,,
"18-21,  Financial and insurance activities ",K,0.4,1.9,,,,,,
" 18-21, Financial service activities, except insurance and pension funding ",64,-0.4,9.0,,,,,,
" 18-21, Insurance, reinsurance and pension funding, except compulsory social security ",65,1.2,-5.1,,,,,,
" 18-21, Activities auxiliary to financial services and insurance activities ",66,-5.0,-2.4,,,,,,
"18-21,  Real estate activities ",L,-9.6,-10.5,,,,,,
" 18-21, Real estate activities ",68,-9.6,-10.5,,,,,,
"18-21,  Professional, scientific and technical activities ",M,3.7,2.4,,,,,,
" 18-21, Legal and accounting activities ",69,4.2,2.8,,,,,,
" 18-21, Activities of head offices; management consultancy activities ",70,7.4,6.6,,,,,,
" 18-21, Architectural and engineering activities; technical testing and analysis ",71,-3.4,-6.3,,,,,,
" 18-21, Scientific research and development ",72,x,x,,,,,,
" 18-21, Advertising and market research ",73,-4.0,0.9,,,,,,
" 18-21, Other professional, scientific and technical activities ",74,1.8,3.5,,,,,,
" 18-21, Veterinary activities ",75,x,x,,,,,,
"18-21,  Administrative and support service activities ",N,-3.1,-0.9,,,,,,
" 18-21, Rental and leasing activities ",77,-3.8,-2.7,,,,,,
" 18-21, Employment activities ",78,-11.6,-1.5,,,,,,
" 18-21, Travel agency, tour operator and other reservation service and related activities ",79,x,2.5,,,,,,
" 18-21, Security and investigation activities ",80,x,x,,,,,,
" 18-21, Services to buildings and landscape activities ",81,3.9,10.8,,,,,,
" 18-21, Office administrative, office support and other business support activities ",82,-3.2,1.4,,,,,,
"18-21,  Public administration and defence; compulsory social security ",O,12.9,10.7,,,,,,
" 18-21, Public administration and defence; compulsory social security ",84,12.9,10.7,,,,,,
"18-21,  Education ",P,2.7,-2.2,,,,,,
" 18-21, Education ",85,2.7,-2.2,,,,,,
"18-21,  Human health and social work activities ",Q,3.7,4.1,,,,,,
" 18-21, Human health activities ",86,-2.2,-3.4,,,,,,
" 18-21, Residential care activities ",87,2.8,14.7,,,,,,
" 18-21, Social work activities without accommodation ",88,14.6,2.1,,,,,,
"18-21,  Arts, entertainment and recreation ",R,8.2,52.0,,,,,,
" 18-21, Creative, arts and entertainment activities ",90,x,x,,,,,,
" 18-21, Libraries, archives, museums and other cultural activities ",91,x,x,,,,,,
" 18-21, Gambling and betting activities ",92,12.0,25.3,,,,,,
" 18-21, Sports activities and amusement and recreation activities ",93,8.5,57.9,,,,,,
"18-21,  Other service activities ",S,12.6,8.1,,,,,,
" 18-21, Activities of membership organisations ",94,-5.3,-12.9,,,,,,
" 18-21, Repair of computers and personal and household goods ",95,x,x,,,,,,
" 18-21, Other personal service activities ",96,9.6,7.2,,,,,,
"18-21,  Activities of households as employers; undifferentiated goods-and services-producing activities of households for own use ",T,x,x,,,,,,
" 18-21, Activities of households as employers of domestic personnel ",97,x,x,,,,,,
" 18-21, Undifferentiated goods- and services-producing activities of private households for own use ",98,x,x,,,,,,
"18-21,  Activities of extraterritorial organisations and bodies ",U,x,x,,,,,,
" 18-21, Activities of extraterritorial organisations and bodies ",99,x,x,,,,,,
"22-29, All Industries and Services",,1.2,5.8,,,,,,
"22-29, All Index of Production Industries",,9.0,5.8,,,,,,
"22-29, All Manufacturing",,10.3,6.8,,,,,,
"22-29, All Service Industries",,0.0,6.7,,,,,,
"22-29,  Agriculture, forestry and fishing ",A,3.6,-5.1,,,,,,
" 22-29, Crop and animal production, hunting and related service activities ",1,2.4,-8.0,,,,,,
" 22-29, Forestry and logging ",2,x,x,,,,,,
" 22-29, Fishing and aquaculture ",3,x,x,,,,,,
"22-29,  Mining and quarrying ",B,x,-55.1,,,,,,
" 22-29, Mining of coal and lignite ",5,x,x,,,,,,
" 22-29, Extraction of crude petroleum and natural gas ",6,x,x,,,,,,
" 22-29, Mining of metal ores ",7,x,x,,,,,,
" 22-29, Other mining and quarrying ",8,x,x,,,,,,
" 22-29, Mining support service activities ",9,x,-16.9,,,,,,
"22-29,  Manufacturing ",C,10.3,6.8,,,,,,
" 22-29, Manufacture of food products ",10,-0.3,3.0,,,,,,
" 22-29, Manufacture of beverages ",11,x,-5.1,,,,,,
" 22-29, Manufacture of tobacco products ",12,x,x,,,,,,
" 22-29, Manufacture of textiles ",13,9.1,12.5,,,,,,
" 22-29, Manufacture of wearing apparel ",14,x,10.7,,,,,,
" 22-29, Manufacture of leather and related products ",15,11.5,4.9,,,,,,
" 22-29, Manufacture of wood and of products of wood and cork, except furniture; manufacture of articles of straw and plaiting materials ",16,16.6,24.0,,,,,,
" 22-29, Manufacture of paper and paper products ",17,7.4,-3.5,,,,,,
" 22-29, Printing and reproduction of recorded media ",18,10.8,10.0,,,,,,
" 22-29, Manufacture of coke and refined petroleum products ",19,x,x,,,,,,
" 22-29, Manufacture of chemicals and chemical products ",20,5.0,8.9,,,,,,
" 22-29, Manufacture of basic pharmaceutical products and pharmaceutical preparations ",21,-0.9,-8.0,,,,,,
" 22-29, Manufacture of rubber and plastic products ",22,-0.8,-2.8,,,,,,
" 22-29, Manufacture of other non-metallic mineral products ",23,-1.6,1.1,,,,,,
" 22-29, Manufacture of basic metals ",24,-46.3,-35.2,,,,,,
" 22-29, Manufacture of fabricated metal products, except machinery and equipment ",25,12.1,7.9,,,,,,
" 22-29, Manufacture of computer, electronic and optical products ",26,30.4,24.2,,,,,,
" 22-29, Manufacture of electrical equipment ",27,9.8,5.9,,,,,,
" 22-29, Manufacture of machinery and equipment n.e.c. ",28,14.7,8.7,,,,,,
" 22-29, Manufacture of motor vehicles, trailers and semi-trailers ",29,20.1,10.6,,,,,,
" 22-29, Manufacture of other transport equipment ",30,7.0,9.9,,,,,,
" 22-29, Manufacture of furniture ",31,11.3,10.2,,,,,,
" 22-29, Other manufacturing ",32,-19.5,-26.8,,,,,,
" 22-29, Repair and installation of machinery and equipment ",33,23.9,17.1,,,,,,
"22-29,  Electricity, gas, steam and air conditioning supply ",D,15.3,17.4,,,,,,
" 22-29, Electricity, gas, steam and air conditioning supply ",35,15.3,17.4,,,,,,
"22-29,  Water supply; sewerage, waste management and remediation activities ",E,6.8,-6.8,,,,,,
" 22-29, Water collection, treatment and supply ",36,13.5,2.4,,,,,,
" 22-29, Sewerage ",37,x,-88.9,,,,,,
" 22-29, Waste collection, treatment and disposal activities; materials recovery ",38,-2.2,-5.8,,,,,,
" 22-29, Remediation activities and other waste management services ",39,x,x,,,,,,
"22-29,  Construction ",F,5.2,2.8,,,,,,
" 22-29, Construction of buildings ",41,5.1,2.6,,,,,,
" 22-29, Civil engineering ",42,5.7,3.8,,,,,,
" 22-29, Specialised construction activities ",43,14.6,11.9,,,,,,
"22-29,  Wholesale and retail trade; repair of motor vehicles and motorcycles ",G,-0.9,-0.4,,,,,,
" 22-29, Wholesale and retail trade and repair of motor vehicles and motorcycles ",45,3.7,-5.7,,,,,,
" 22-29, Wholesale trade, except of motor vehicles and motorcycles ",46,-4.7,-1.8,,,,,,
" 22-29, Retail trade, except of motor vehicles and motorcycles ",47,-1.8,-0.8,,,,,,
"22-29,  Transportation and storage ",H,1.0,5.5,,,,,,
" 22-29, Land transport and transport via pipelines ",49,0.9,3.3,,,,,,
" 22-29, Water transport ",50,x,x,,,,,,
" 22-29, Air transport ",51,15.1,17.9,,,,,,
" 22-29, Warehousing and support activities for transportation ",52,-2.4,0.9,,,,,,
" 22-29, Postal and courier activities ",53,5.3,16.3,,,,,,
"22-29,  Accommodation and food service activities ",I,1.1,1.9,,,,,,
" 22-29, Accommodation ",55,2.1,2.2,,,,,,
" 22-29, Food and beverage service activities ",56,0.8,2.2,,,,,,
"22-29,  Information and communication ",J,4.2,6.6,,,,,,
" 22-29, Publishing activities ",58,3.0,0.2,,,,,,
" 22-29, Motion picture, video and television programme production, sound recording and music publishing activities ",59,-15.3,-3.8,,,,,,
" 22-29, Programming and broadcasting activities ",60,19.2,20.1,,,,,,
" 22-29, Telecommunications ",61,11.9,-0.9,,,,,,
" 22-29, Computer programming, consultancy and related activities ",62,2.7,6.9,,,,,,
" 22-29, Information service activities ",63,5.5,6.7,,,,,,
"22-29,  Financial and insurance activities ",K,14.7,16.9,,,,,,
" 22-29, Financial service activities, except insurance and pension funding ",64,20.0,13.2,,,,,,
" 22-29, Insurance, reinsurance and pension funding, except compulsory social security ",65,16.2,19.0,,,,,,
" 22-29, Activities auxiliary to financial services and insurance activities ",66,16.2,22.6,,,,,,
"22-29,  Real estate activities ",L,3.3,5.0,,,,,,
" 22-29, Real estate activities ",68,3.3,5.0,,,,,,
"22-29,  Professional, scientific and technical activities ",M,10.7,9.3,,,,,,
" 22-29, Legal and accounting activities ",69,14.3,12.5,,,,,,
" 22-29, Activities of head offices; management consultancy activities ",70,16.4,12.1,,,,,,
" 22-29, Architectural and engineering activities; technical testing and analysis ",71,3.8,3.7,,,,,,
" 22-29, Scientific research and development ",72,4.8,2.9,,,,,,
" 22-29, Advertising and market research ",73,7.1,7.1,,,,,,
" 22-29, Other professional, scientific and technical activities ",74,10.8,8.2,,,,,,
" 22-29, Veterinary activities ",75,41.8,30.3,,,,,,
"22-29,  Administrative and support service activities ",N,2.3,1.9,,,,,,
" 22-29, Rental and leasing activities ",77,6.7,12.7,,,,,,
" 22-29, Employment activities ",78,2.2,1.1,,,,,,
" 22-29, Travel agency, tour operator and other reservation service and related activities ",79,2.3,7.6,,,,,,
" 22-29, Security and investigation activities ",80,11.5,6.5,,,,,,
" 22-29, Services to buildings and landscape activities ",81,-0.7,-1.5,,,,,,
" 22-29, Office administrative, office support and other business support activities ",82,9.4,5.4,,,,,,
"22-29,  Public administration and defence; compulsory social security ",O,1.9,3.1,,,,,,
" 22-29, Public administration and defence; compulsory social security ",84,1.9,3.1,,,,,,
"22-29,  Education ",P,-1.7,-0.8,,,,,,
" 22-29, Education ",85,-1.7,-0.8,,,,,,
"22-29,  Human health and social work activities ",Q,5.8,8.2,,,,,,
" 22-29, Human health activities ",86,1.4,6.1,,,,,,
" 22-29, Residential care activities ",87,5.0,5.5,,,,,,
" 22-29, Social work activities without accommodation ",88,14.3,13.6,,,,,,
"22-29,  Arts, entertainment and recreation ",R,-2.7,x,,,,,,
" 22-29, Creative, arts and entertainment activities ",90,-8.7,-0.1,,,,,,
" 22-29, Libraries, archives, museums and other cultural activities ",91,-15.6,-7.9,,,,,,
" 22-29, Gambling and betting activities ",92,4.0,5.5,,,,,,
" 22-29, Sports activities and amusement and recreation activities ",93,3.8,x,,,,,,
"22-29,  Other service activities ",S,13.4,13.0,,,,,,
" 22-29, Activities of membership organisations ",94,8.1,11.5,,,,,,
" 22-29, Repair of computers and personal and household goods ",95,-16.3,-6.3,,,,,,
" 22-29, Other personal service activities ",96,9.0,9.0,,,,,,
"22-29,  Activities of households as employers; undifferentiated goods-and services-producing activities of households for own use ",T,-26.5,-24.0,,,,,,
" 22-29, Activities of households as employers of domestic personnel ",97,-26.5,-24.0,,,,,,
" 22-29, Undifferentiated goods- and services-producing activities of private households for own use ",98,x,x,,,,,,
"22-29,  Activities of extraterritorial organisations and bodies ",U,x,x,,,,,,
" 22-29, Activities of extraterritorial organisations and bodies ",99,x,x,,,,,,
"30-39, All Industries and Services",,0.9,6.3,,,,,,
"30-39, All Index of Production Industries",,0.3,-2.1,,,,,,
"30-39, All Manufacturing",,2.0,-2.4,,,,,,
"30-39, All Service Industries",,3.2,9.0,,,,,,
"30-39,  Agriculture, forestry and fishing ",A,0.8,1.7,,,,,,
" 30-39, Crop and animal production, hunting and related service activities ",1,1.8,-0.3,,,,,,
" 30-39, Forestry and logging ",2,x,x,,,,,,
" 30-39, Fishing and aquaculture ",3,x,x,,,,,,
"30-39,  Mining and quarrying ",B,x,0.6,,,,,,
" 30-39, Mining of coal and lignite ",5,x,x,,,,,,
" 30-39, Extraction of crude petroleum and natural gas ",6,x,x,,,,,,
" 30-39, Mining of metal ores ",7,x,x,,,,,,
" 30-39, Other mining and quarrying ",8,x,x,,,,,,
" 30-39, Mining support service activities ",9,17.3,5.6,,,,,,
"30-39,  Manufacturing ",C,2.0,-2.4,,,,,,
" 30-39, Manufacture of food products ",10,-1.4,-0.2,,,,,,
" 30-39, Manufacture of beverages ",11,x,-18.6,,,,,,
" 30-39, Manufacture of tobacco products ",12,x,x,,,,,,
" 30-39, Manufacture of textiles ",13,-3.8,1.8,,,,,,
" 30-39, Manufacture of wearing apparel ",14,x,x,,,,,,
" 30-39, Manufacture of leather and related products ",15,27.6,28.8,,,,,,
" 30-39, Manufacture of wood and of products of wood and cork, except furniture; manufacture of articles of straw and plaiting materials ",16,-37.7,-23.8,,,,,,
" 30-39, Manufacture of paper and paper products ",17,-1.1,-12.5,,,,,,
" 30-39, Printing and reproduction of recorded media ",18,-0.9,5.1,,,,,,
" 30-39, Manufacture of coke and refined petroleum products ",19,x,x,,,,,,
" 30-39, Manufacture of chemicals and chemical products ",20,0.2,-1.8,,,,,,
" 30-39, Manufacture of basic pharmaceutical products and pharmaceutical preparations ",21,-2.4,0.7,,,,,,
" 30-39, Manufacture of rubber and plastic products ",22,-5.5,-15.2,,,,,,
" 30-39, Manufacture of other non-metallic mineral products ",23,x,-12.8,,,,,,
" 30-39, Manufacture of basic metals ",24,x,1.6,,,,,,
" 30-39, Manufacture of fabricated metal products, except machinery and equipment ",25,-1.6,-4.9,,,,,,
" 30-39, Manufacture of computer, electronic and optical products ",26,x,5.0,,,,,,
" 30-39, Manufacture of electrical equipment ",27,5.4,11.9,,,,,,
" 30-39, Manufacture of machinery and equipment n.e.c. ",28,15.4,3.3,,,,,,
" 30-39, Manufacture of motor vehicles, trailers and semi-trailers ",29,1.3,2.1,,,,,,
" 30-39, Manufacture of other transport equipment ",30,3.4,-0.2,,,,,,
" 30-39, Manufacture of furniture ",31,-3.5,-2.3,,,,,,
" 30-39, Other manufacturing ",32,x,7.9,,,,,,
" 30-39, Repair and installation of machinery and equipment ",33,-8.7,x,,,,,,
"30-39,  Electricity, gas, steam and air conditioning supply ",D,5.7,5.6,,,,,,
" 30-39, Electricity, gas, steam and air conditioning supply ",35,5.7,5.6,,,,,,
"30-39,  Water supply; sewerage, waste management and remediation activities ",E,-13.3,-16.5,,,,,,
" 30-39, Water collection, treatment and supply ",36,x,10.9,,,,,,
" 30-39, Sewerage ",37,x,-22.2,,,,,,
" 30-39, Waste collection, treatment and disposal activities; materials recovery ",38,-46.2,-31.9,,,,,,
" 30-39, Remediation activities and other waste management services ",39,x,x,,,,,,
"30-39,  Construction ",F,1.0,0.5,,,,,,
" 30-39, Construction of buildings ",41,8.8,9.9,,,,,,
" 30-39, Civil engineering ",42,-2.1,-1.9,,,,,,
" 30-39, Specialised construction activities ",43,8.9,1.0,,,,,,
"30-39,  Wholesale and retail trade; repair of motor vehicles and motorcycles ",G,1.0,4.9,,,,,,
" 30-39, Wholesale and retail trade and repair of motor vehicles and motorcycles ",45,7.4,10.4,,,,,,
" 30-39, Wholesale trade, except of motor vehicles and motorcycles ",46,-3.8,-2.6,,,,,,
" 30-39, Retail trade, except of motor vehicles and motorcycles ",47,4.3,9.8,,,,,,
"30-39,  Transportation and storage ",H,-1.6,-2.4,,,,,,
" 30-39, Land transport and transport via pipelines ",49,-3.6,0.1,,,,,,
" 30-39, Water transport ",50,x,16.2,,,,,,
" 30-39, Air transport ",51,x,16.6,,,,,,
" 30-39, Warehousing and support activities for transportation ",52,3.9,1.1,,,,,,
" 30-39, Postal and courier activities ",53,-9.7,-7.9,,,,,,
"30-39,  Accommodation and food service activities ",I,4.4,-0.2,,,,,,
" 30-39, Accommodation ",55,3.6,-5.7,,,,,,
" 30-39, Food and beverage service activities ",56,4.5,2.7,,,,,,
"30-39,  Information and communication ",J,9.7,6.3,,,,,,
" 30-39, Publishing activities ",58,6.5,2.3,,,,,,
" 30-39, Motion picture, video and television programme production, sound recording and music publishing activities ",59,-0.4,-0.2,,,,,,
" 30-39, Programming and broadcasting activities ",60,-0.7,-9.3,,,,,,
" 30-39, Telecommunications ",61,3.3,-2.0,,,,,,
" 30-39, Computer programming, consultancy and related activities ",62,10.7,8.4,,,,,,
" 30-39, Information service activities ",63,12.3,16.1,,,,,,
"30-39,  Financial and insurance activities ",K,21.5,20.7,,,,,,
" 30-39, Financial service activities, except insurance and pension funding ",64,24.8,24.0,,,,,,
" 30-39, Insurance, reinsurance and pension funding, except compulsory social security ",65,1.8,-7.4,,,,,,
" 30-39, Activities auxiliary to financial services and insurance activities ",66,26.2,23.7,,,,,,
"30-39,  Real estate activities ",L,6.1,2.8,,,,,,
" 30-39, Real estate activities ",68,6.1,2.8,,,,,,
"30-39,  Professional, scientific and technical activities ",M,8.0,10.3,,,,,,
" 30-39, Legal and accounting activities ",69,22.2,20.1,,,,,,
" 30-39, Activities of head offices; management consultancy activities ",70,16.1,16.3,,,,,,
" 30-39, Architectural and engineering activities; technical testing and analysis ",71,8.6,8.6,,,,,,
" 30-39, Scientific research and development ",72,2.4,-4.4,,,,,,
" 30-39, Advertising and market research ",73,0.9,-0.2,,,,,,
" 30-39, Other professional, scientific and technical activities ",74,16.9,4.8,,,,,,
" 30-39, Veterinary activities ",75,31.1,30.8,,,,,,
"30-39,  Administrative and support service activities ",N,-2.8,3.9,,,,,,
" 30-39, Rental and leasing activities ",77,-29.5,-14.5,,,,,,
" 30-39, Employment activities ",78,-5.7,8.1,,,,,,
" 30-39, Travel agency, tour operator and other reservation service and related activities ",79,18.3,16.9,,,,,,
" 30-39, Security and investigation activities ",80,-1.5,11.6,,,,,,
" 30-39, Services to buildings and landscape activities ",81,5.3,0.9,,,,,,
" 30-39, Office administrative, office support and other business support activities ",82,-0.2,10.7,,,,,,
"30-39,  Public administration and defence; compulsory social security ",O,6.0,6.1,,,,,,
" 30-39, Public administration and defence; compulsory social security ",84,6.0,6.1,,,,,,
"30-39,  Education ",P,4.8,5.9,,,,,,
" 30-39, Education ",85,4.8,5.9,,,,,,
"30-39,  Human health and social work activities ",Q,10.2,15.8,,,,,,
" 30-39, Human health activities ",86,12.7,15.9,,,,,,
" 30-39, Residential care activities ",87,10.2,4.7,,,,,,
" 30-39, Social work activities without accommodation ",88,14.1,16.0,,,,,,
"30-39,  Arts, entertainment and recreation ",R,4.5,39.4,,,,,,
" 30-39, Creative, arts and entertainment activities ",90,-19.4,-14.3,,,,,,
" 30-39, Libraries, archives, museums and other cultural activities ",91,-5.1,-6.5,,,,,,
" 30-39, Gambling and betting activities ",92,8.3,18.7,,,,,,
" 30-39, Sports activities and amusement and recreation activities ",93,10.9,x,,,,,,
"30-39,  Other service activities ",S,9.3,12.2,,,,,,
" 30-39, Activities of membership organisations ",94,-1.4,8.9,,,,,,
" 30-39, Repair of computers and personal and household goods ",95,25.8,16.2,,,,,,
" 30-39, Other personal service activities ",96,15.9,12.9,,,,,,
"30-39,  Activities of households as employers; undifferentiated goods-and services-producing activities of households for own use ",T,-9.2,-0.8,,,,,,
" 30-39, Activities of households as employers of domestic personnel ",97,-9.2,-0.8,,,,,,
" 30-39, Undifferentiated goods- and services-producing activities of private households for own use ",98,x,x,,,,,,
"30-39,  Activities of extraterritorial organisations and bodies ",U,x,x,,,,,,
" 30-39, Activities of extraterritorial organisations and bodies ",99,x,x,,,,,,
"40-49, All Industries and Services",,12.8,16.1,,,,,,
"40-49, All Index of Production Industries",,14.8,11.2,,,,,,
"40-49, All Manufacturing",,17.1,14.5,,,,,,
"40-49, All Service Industries",,15.2,18.6,,,,,,
"40-49,  Agriculture, forestry and fishing ",A,20.1,17.4,,,,,,
" 40-49, Crop and animal production, hunting and related service activities ",1,20.2,12.1,,,,,,
" 40-49, Forestry and logging ",2,51.6,46.7,,,,,,
" 40-49, Fishing and aquaculture ",3,x,x,,,,,,
"40-49,  Mining and quarrying ",B,x,0.0,,,,,,
" 40-49, Mining of coal and lignite ",5,x,x,,,,,,
" 40-49, Extraction of crude petroleum and natural gas ",6,x,x,,,,,,
" 40-49, Mining of metal ores ",7,x,x,,,,,,
" 40-49, Other mining and quarrying ",8,x,1.7,,,,,,
" 40-49, Mining support service activities ",9,x,28.6,,,,,,
"40-49,  Manufacturing ",C,17.1,14.5,,,,,,
" 40-49, Manufacture of food products ",10,15.9,13.4,,,,,,
" 40-49, Manufacture of beverages ",11,-5.1,-3.2,,,,,,
" 40-49, Manufacture of tobacco products ",12,x,x,,,,,,
" 40-49, Manufacture of textiles ",13,32.2,40.0,,,,,,
" 40-49, Manufacture of wearing apparel ",14,x,18.5,,,,,,
" 40-49, Manufacture of leather and related products ",15,x,x,,,,,,
" 40-49, Manufacture of wood and of products of wood and cork, except furniture; manufacture of articles of straw and plaiting materials ",16,-0.2,12.3,,,,,,
" 40-49, Manufacture of paper and paper products ",17,-10.1,10.9,,,,,,
" 40-49, Printing and reproduction of recorded media ",18,7.6,15.0,,,,,,
" 40-49, Manufacture of coke and refined petroleum products ",19,x,x,,,,,,
" 40-49, Manufacture of chemicals and chemical products ",20,27.6,16.3,,,,,,
" 40-49, Manufacture of basic pharmaceutical products and pharmaceutical preparations ",21,4.5,12.0,,,,,,
" 40-49, Manufacture of rubber and plastic products ",22,25.4,31.7,,,,,,
" 40-49, Manufacture of other non-metallic mineral products ",23,6.8,1.8,,,,,,
" 40-49, Manufacture of basic metals ",24,2.4,-0.7,,,,,,
" 40-49, Manufacture of fabricated metal products, except machinery and equipment ",25,8.3,13.7,,,,,,
" 40-49, Manufacture of computer, electronic and optical products ",26,43.3,38.3,,,,,,
" 40-49, Manufacture of electrical equipment ",27,-2.6,6.6,,,,,,
" 40-49, Manufacture of machinery and equipment n.e.c. ",28,x,-3.8,,,,,,
" 40-49, Manufacture of motor vehicles, trailers and semi-trailers ",29,9.7,10.8,,,,,,
" 40-49, Manufacture of other transport equipment ",30,16.7,17.2,,,,,,
" 40-49, Manufacture of furniture ",31,4.9,-9.5,,,,,,
" 40-49, Other manufacturing ",32,x,12.5,,,,,,
" 40-49, Repair and installation of machinery and equipment ",33,x,20.1,,,,,,
"40-49,  Electricity, gas, steam and air conditioning supply ",D,19.4,9.6,,,,,,
" 40-49, Electricity, gas, steam and air conditioning supply ",35,19.4,9.6,,,,,,
"40-49,  Water supply; sewerage, waste management and remediation activities ",E,-1.3,-12.4,,,,,,
" 40-49, Water collection, treatment and supply ",36,x,x,,,,,,
" 40-49, Sewerage ",37,x,x,,,,,,
" 40-49, Waste collection, treatment and disposal activities; materials recovery ",38,x,-10.2,,,,,,
" 40-49, Remediation activities and other waste management services ",39,x,x,,,,,,
"40-49,  Construction ",F,11.4,11.8,,,,,,
" 40-49, Construction of buildings ",41,10.8,13.3,,,,,,
" 40-49, Civil engineering ",42,x,12.1,,,,,,
" 40-49, Specialised construction activities ",43,13.8,12.1,,,,,,
"40-49,  Wholesale and retail trade; repair of motor vehicles and motorcycles ",G,14.0,11.6,,,,,,
" 40-49, Wholesale and retail trade and repair of motor vehicles and motorcycles ",45,11.5,14.0,,,,,,
" 40-49, Wholesale trade, except of motor vehicles and motorcycles ",46,-2.0,1.4,,,,,,
" 40-49, Retail trade, except of motor vehicles and motorcycles ",47,18.2,18.2,,,,,,
"40-49,  Transportation and storage ",H,2.7,-1.9,,,,,,
" 40-49, Land transport and transport via pipelines ",49,2.5,2.7,,,,,,
" 40-49, Water transport ",50,23.2,26.1,,,,,,
" 40-49, Air transport ",51,x,49.5,,,,,,
" 40-49, Warehousing and support activities for transportation ",52,-3.7,-1.3,,,,,,
" 40-49, Postal and courier activities ",53,5.2,0.2,,,,,,
"40-49,  Accommodation and food service activities ",I,14.6,12.3,,,,,,
" 40-49, Accommodation ",55,13.4,12.8,,,,,,
" 40-49, Food and beverage service activities ",56,15.6,12.2,,,,,,
"40-49,  Information and communication ",J,10.6,6.7,,,,,,
" 40-49, Publishing activities ",58,3.9,8.8,,,,,,
" 40-49, Motion picture, video and television programme production, sound recording and music publishing activities ",59,x,-21.0,,,,,,
" 40-49, Programming and broadcasting activities ",60,5.0,-0.2,,,,,,
" 40-49, Telecommunications ",61,x,18.9,,,,,,
" 40-49, Computer programming, consultancy and related activities ",62,6.4,3.5,,,,,,
" 40-49, Information service activities ",63,x,19.0,,,,,,
"40-49,  Financial and insurance activities ",K,36.8,33.4,,,,,,
" 40-49, Financial service activities, except insurance and pension funding ",64,41.8,33.5,,,,,,
" 40-49, Insurance, reinsurance and pension funding, except compulsory social security ",65,14.5,11.9,,,,,,
" 40-49, Activities auxiliary to financial services and insurance activities ",66,35.2,39.1,,,,,,
"40-49,  Real estate activities ",L,16.5,16.4,,,,,,
" 40-49, Real estate activities ",68,16.5,16.4,,,,,,
"40-49,  Professional, scientific and technical activities ",M,25.1,27.7,,,,,,
" 40-49, Legal and accounting activities ",69,40.7,41.9,,,,,,
" 40-49, Activities of head offices; management consultancy activities ",70,25.7,29.1,,,,,,
" 40-49, Architectural and engineering activities; technical testing and analysis ",71,27.5,22.9,,,,,,
" 40-49, Scientific research and development ",72,12.0,17.6,,,,,,
" 40-49, Advertising and market research ",73,x,12.3,,,,,,
" 40-49, Other professional, scientific and technical activities ",74,26.9,26.7,,,,,,
" 40-49, Veterinary activities ",75,46.2,44.7,,,,,,
"40-49,  Administrative and support service activities ",N,8.5,7.3,,,,,,
" 40-49, Rental and leasing activities ",77,-4.5,-1.5,,,,,,
" 40-49, Employment activities ",78,-3.8,0.0,,,,,,
" 40-49, Travel agency, tour operator and other reservation service and related activities ",79,x,25.2,,,,,,
" 40-49, Security and investigation activities ",80,-11.4,-1.7,,,,,,
" 40-49, Services to buildings and landscape activities ",81,26.3,19.1,,,,,,
" 40-49, Office administrative, office support and other business support activities ",82,12.5,15.6,,,,,,
"40-49,  Public administration and defence; compulsory social security ",O,5.9,8.0,,,,,,
" 40-49, Public administration and defence; compulsory social security ",84,5.9,8.0,,,,,,
"40-49,  Education ",P,14.9,16.5,,,,,,
" 40-49, Education ",85,14.9,16.5,,,,,,
"40-49,  Human health and social work activities ",Q,20.0,27.1,,,,,,
" 40-49, Human health activities ",86,18.0,28.3,,,,,,
" 40-49, Residential care activities ",87,14.9,15.6,,,,,,
" 40-49, Social work activities without accommodation ",88,19.4,22.7,,,,,,
"40-49,  Arts, entertainment and recreation ",R,25.3,27.2,,,,,,
" 40-49, Creative, arts and entertainment activities ",90,x,-26.7,,,,,,
" 40-49, Libraries, archives, museums and other cultural activities ",91,x,25.2,,,,,,
" 40-49, Gambling and betting activities ",92,22.7,22.0,,,,,,
" 40-49, Sports activities and amusement and recreation activities ",93,29.4,35.2,,,,,,
"40-49,  Other service activities ",S,8.0,15.9,,,,,,
" 40-49, Activities of membership organisations ",94,-11.3,-0.2,,,,,,
" 40-49, Repair of computers and personal and household goods ",95,x,49.8,,,,,,
" 40-49, Other personal service activities ",96,18.2,26.3,,,,,,
"40-49,  Activities of households as employers; undifferentiated goods-and services-producing activities of households for own use ",T,x,x,,,,,,
" 40-49, Activities of households as employers of domestic personnel ",97,x,x,,,,,,
" 40-49, Undifferentiated goods- and services-producing activities of private households for own use ",98,x,x,,,,,,
"40-49,  Activities of extraterritorial organisations and bodies ",U,x,x,,,,,,
" 40-49, Activities of extraterritorial organisations and bodies ",99,x,x,,,,,,
"50-59, All Industries and Services",,15.6,19.4,,,,,,
"50-59, All Index of Production Industries",,26.8,23.2,,,,,,
"50-59, All Manufacturing",,28.0,23.8,,,,,,
"50-59, All Service Industries",,14.3,20.3,,,,,,
"50-59,  Agriculture, forestry and fishing ",A,17.5,13.1,,,,,,
" 50-59, Crop and animal production, hunting and related service activities ",1,14.9,6.1,,,,,,
" 50-59, Forestry and logging ",2,x,x,,,,,,
" 50-59, Fishing and aquaculture ",3,x,x,,,,,,
"50-59,  Mining and quarrying ",B,x,x,,,,,,
" 50-59, Mining of coal and lignite ",5,x,x,,,,,,
" 50-59, Extraction of crude petroleum and natural gas ",6,x,x,,,,,,
" 50-59, Mining of metal ores ",7,x,x,,,,,,
" 50-59, Other mining and quarrying ",8,x,x,,,,,,
" 50-59, Mining support service activities ",9,x,x,,,,,,
"50-59,  Manufacturing ",C,28.0,23.8,,,,,,
" 50-59, Manufacture of food products ",10,23.5,17.9,,,,,,
" 50-59, Manufacture of beverages ",11,29.7,35.8,,,,,,
" 50-59, Manufacture of tobacco products ",12,x,x,,,,,,
" 50-59, Manufacture of textiles ",13,16.6,x,,,,,,
" 50-59, Manufacture of wearing apparel ",14,x,x,,,,,,
" 50-59, Manufacture of leather and related products ",15,x,18.1,,,,,,
" 50-59, Manufacture of wood and of products of wood and cork, except furniture; manufacture of articles of straw and plaiting materials ",16,x,8.6,,,,,,
" 50-59, Manufacture of paper and paper products ",17,x,26.4,,,,,,
" 50-59, Printing and reproduction of recorded media ",18,-0.4,4.6,,,,,,
" 50-59, Manufacture of coke and refined petroleum products ",19,54.2,52.6,,,,,,
" 50-59, Manufacture of chemicals and chemical products ",20,19.5,x,,,,,,
" 50-59, Manufacture of basic pharmaceutical products and pharmaceutical preparations ",21,13.2,8.3,,,,,,
" 50-59, Manufacture of rubber and plastic products ",22,29.9,30.1,,,,,,
" 50-59, Manufacture of other non-metallic mineral products ",23,21.0,14.8,,,,,,
" 50-59, Manufacture of basic metals ",24,-18.1,-7.1,,,,,,
" 50-59, Manufacture of fabricated metal products, except machinery and equipment ",25,17.4,11.2,,,,,,
" 50-59, Manufacture of computer, electronic and optical products ",26,39.7,35.4,,,,,,
" 50-59, Manufacture of electrical equipment ",27,34.2,32.2,,,,,,
" 50-59, Manufacture of machinery and equipment n.e.c. ",28,23.7,18.3,,,,,,
" 50-59, Manufacture of motor vehicles, trailers and semi-trailers ",29,34.9,25.8,,,,,,
" 50-59, Manufacture of other transport equipment ",30,16.5,22.8,,,,,,
" 50-59, Manufacture of furniture ",31,22.9,18.7,,,,,,
" 50-59, Other manufacturing ",32,16.5,31.0,,,,,,
" 50-59, Repair and installation of machinery and equipment ",33,19.3,x,,,,,,
"50-59,  Electricity, gas, steam and air conditioning supply ",D,26.8,31.3,,,,,,
" 50-59, Electricity, gas, steam and air conditioning supply ",35,26.8,31.3,,,,,,
"50-59,  Water supply; sewerage, waste management and remediation activities ",E,2.9,5.3,,,,,,
" 50-59, Water collection, treatment and supply ",36,-3.5,11.5,,,,,,
" 50-59, Sewerage ",37,x,x,,,,,,
" 50-59, Waste collection, treatment and disposal activities; materials recovery ",38,-3.9,-0.4,,,,,,
" 50-59, Remediation activities and other waste management services ",39,x,x,,,,,,
"50-59,  Construction ",F,18.2,15.8,,,,,,
" 50-59, Construction of buildings ",41,21.7,21.4,,,,,,
" 50-59, Civil engineering ",42,15.2,12.0,,,,,,
" 50-59, Specialised construction activities ",43,19.5,18.3,,,,,,
"50-59,  Wholesale and retail trade; repair of motor vehicles and motorcycles ",G,21.1,25.8,,,,,,
" 50-59, Wholesale and retail trade and repair of motor vehicles and motorcycles ",45,7.9,23.0,,,,,,
" 50-59, Wholesale trade, except of motor vehicles and motorcycles ",46,8.6,14.8,,,,,,
" 50-59, Retail trade, except of motor vehicles and motorcycles ",47,15.2,25.1,,,,,,
"50-59,  Transportation and storage ",H,-0.1,0.4,,,,,,
" 50-59, Land transport and transport via pipelines ",49,1.1,6.9,,,,,,
" 50-59, Water transport ",50,x,x,,,,,,
" 50-59, Air transport ",51,x,35.3,,,,,,
" 50-59, Warehousing and support activities for transportation ",52,8.7,8.4,,,,,,
" 50-59, Postal and courier activities ",53,-4.1,-3.6,,,,,,
"50-59,  Accommodation and food service activities ",I,11.1,15.8,,,,,,
" 50-59, Accommodation ",55,10.8,2.3,,,,,,
" 50-59, Food and beverage service activities ",56,11.9,23.2,,,,,,
"50-59,  Information and communication ",J,29.4,24.9,,,,,,
" 50-59, Publishing activities ",58,22.1,18.6,,,,,,
" 50-59, Motion picture, video and television programme production, sound recording and music publishing activities ",59,x,x,,,,,,
" 50-59, Programming and broadcasting activities ",60,0.9,3.5,,,,,,
" 50-59, Telecommunications ",61,x,40.3,,,,,,
" 50-59, Computer programming, consultancy and related activities ",62,32.5,24.6,,,,,,
" 50-59, Information service activities ",63,x,39.3,,,,,,
"50-59,  Financial and insurance activities ",K,44.0,43.2,,,,,,
" 50-59, Financial service activities, except insurance and pension funding ",64,44.3,40.9,,,,,,
" 50-59, Insurance, reinsurance and pension funding, except compulsory social security ",65,x,26.3,,,,,,
" 50-59, Activities auxiliary to financial services and insurance activities ",66,46.4,51.8,,,,,,
"50-59,  Real estate activities ",L,14.1,21.5,,,,,,
" 50-59, Real estate activities ",68,14.1,21.5,,,,,,
"50-59,  Professional, scientific and technical activities ",M,30.0,26.7,,,,,,
" 50-59, Legal and accounting activities ",69,28.7,24.7,,,,,,
" 50-59, Activities of head offices; management consultancy activities ",70,33.0,36.4,,,,,,
" 50-59, Architectural and engineering activities; technical testing and analysis ",71,33.3,30.8,,,,,,
" 50-59, Scientific research and development ",72,20.8,-3.7,,,,,,
" 50-59, Advertising and market research ",73,x,44.2,,,,,,
" 50-59, Other professional, scientific and technical activities ",74,22.3,24.0,,,,,,
" 50-59, Veterinary activities ",75,x,x,,,,,,
"50-59,  Administrative and support service activities ",N,8.0,8.7,,,,,,
" 50-59, Rental and leasing activities ",77,-3.6,-9.0,,,,,,
" 50-59, Employment activities ",78,5.0,11.9,,,,,,
" 50-59, Travel agency, tour operator and other reservation service and related activities ",79,x,25.9,,,,,,
" 50-59, Security and investigation activities ",80,1.0,-5.0,,,,,,
" 50-59, Services to buildings and landscape activities ",81,8.5,5.3,,,,,,
" 50-59, Office administrative, office support and other business support activities ",82,24.9,32.1,,,,,,
"50-59,  Public administration and defence; compulsory social security ",O,18.2,13.0,,,,,,
" 50-59, Public administration and defence; compulsory social security ",84,18.2,13.0,,,,,,
"50-59,  Education ",P,17.5,14.2,,,,,,
" 50-59, Education ",85,17.5,14.2,,,,,,
"50-59,  Human health and social work activities ",Q,18.2,28.2,,,,,,
" 50-59, Human health activities ",86,16.4,31.0,,,,,,
" 50-59, Residential care activities ",87,8.6,11.8,,,,,,
" 50-59, Social work activities without accommodation ",88,8.4,10.7,,,,,,
"50-59,  Arts, entertainment and recreation ",R,16.8,29.9,,,,,,
" 50-59, Creative, arts and entertainment activities ",90,x,x,,,,,,
" 50-59, Libraries, archives, museums and other cultural activities ",91,10.6,3.4,,,,,,
" 50-59, Gambling and betting activities ",92,10.7,30.0,,,,,,
" 50-59, Sports activities and amusement and recreation activities ",93,18.2,27.1,,,,,,
"50-59,  Other service activities ",S,11.8,9.4,,,,,,
" 50-59, Activities of membership organisations ",94,-6.9,-4.5,,,,,,
" 50-59, Repair of computers and personal and household goods ",95,x,41.7,,,,,,
" 50-59, Other personal service activities ",96,14.7,23.4,,,,,,
"50-59,  Activities of households as employers; undifferentiated goods-and services-producing activities of households for own use ",T,-8.4,-7.1,,,,,,
" 50-59, Activities of households as employers of domestic personnel ",97,-8.4,-7.1,,,,,,
" 50-59, Undifferentiated goods- and services-producing activities of private households for own use ",98,x,x,,,,,,
"50-59,  Activities of extraterritorial organisations and bodies ",U,x,x,,,,,,
" 50-59, Activities of extraterritorial organisations and bodies ",99,x,x,,,,,,
"60+, All Industries and Services",,15.6,21.4,,,,,,
"60+, All Index of Production Industries",,22.8,27.5,,,,,,
"60+, All Manufacturing",,25.7,24.5,,,,,,
"60+, All Service Industries",,13.3,20.6,,,,,,
"60+,  Agriculture, forestry and fishing ",A,x,14.1,,,,,,
"60+, Crop and animal production, hunting and related service activities ",1,x,10.0,,,,,,
"60+, Forestry and logging ",2,x,x,,,,,,
"60+, Fishing and aquaculture ",3,x,x,,,,,,
"60+,  Mining and quarrying ",B,x,x,,,,,,
"60+, Mining of coal and lignite ",5,x,x,,,,,,
"60+, Extraction of crude petroleum and natural gas ",6,x,x,,,,,,
"60+, Mining of metal ores ",7,x,x,,,,,,
"60+, Other mining and quarrying ",8,x,x,,,,,,
"60+, Mining support service activities ",9,x,x,,,,,,
"60+,  Manufacturing ",C,25.7,24.5,,,,,,
"60+, Manufacture of food products ",10,21.0,18.3,,,,,,
"60+, Manufacture of beverages ",11,x,x,,,,,,
"60+, Manufacture of tobacco products ",12,x,x,,,,,,
"60+, Manufacture of textiles ",13,27.5,35.0,,,,,,
"60+, Manufacture of wearing apparel ",14,x,x,,,,,,
"60+, Manufacture of leather and related products ",15,x,x,,,,,,
"60+, Manufacture of wood and of products of wood and cork, except furniture; manufacture of articles of straw and plaiting materials ",16,x,x,,,,,,
"60+, Manufacture of paper and paper products ",17,x,x,,,,,,
"60+, Printing and reproduction of recorded media ",18,x,10.7,,,,,,
"60+, Manufacture of coke and refined petroleum products ",19,x,x,,,,,,
"60+, Manufacture of chemicals and chemical products ",20,30.3,35.0,,,,,,
"60+, Manufacture of basic pharmaceutical products and pharmaceutical preparations ",21,x,x,,,,,,
"60+, Manufacture of rubber and plastic products ",22,34.4,42.5,,,,,,
"60+, Manufacture of other non-metallic mineral products ",23,-0.9,16.6,,,,,,
"60+, Manufacture of basic metals ",24,x,17.5,,,,,,
"60+, Manufacture of fabricated metal products, except machinery and equipment ",25,9.7,5.1,,,,,,
"60+, Manufacture of computer, electronic and optical products ",26,x,33.8,,,,,,
"60+, Manufacture of electrical equipment ",27,x,21.3,,,,,,
"60+, Manufacture of machinery and equipment n.e.c. ",28,21.8,25.7,,,,,,
"60+, Manufacture of motor vehicles, trailers and semi-trailers ",29,x,3.8,,,,,,
"60+, Manufacture of other transport equipment ",30,5.0,15.3,,,,,,
"60+, Manufacture of furniture ",31,16.8,x,,,,,,
"60+, Other manufacturing ",32,x,23.1,,,,,,
"60+, Repair and installation of machinery and equipment ",33,x,x,,,,,,
"60+,  Electricity, gas, steam and air conditioning supply ",D,32.8,x,,,,,,
"60+, Electricity, gas, steam and air conditioning supply ",35,32.8,x,,,,,,
"60+,  Water supply; sewerage, waste management and remediation activities ",E,x,-25.0,,,,,,
"60+, Water collection, treatment and supply ",36,x,x,,,,,,
"60+, Sewerage ",37,x,x,,,,,,
"60+, Waste collection, treatment and disposal activities; materials recovery ",38,x,x,,,,,,
"60+, Remediation activities and other waste management services ",39,x,x,,,,,,
"60+,  Construction ",F,7.8,22.4,,,,,,
"60+, Construction of buildings ",41,15.4,31.0,,,,,,
"60+, Civil engineering ",42,x,3.0,,,,,,
"60+, Specialised construction activities ",43,7.0,22.3,,,,,,
"60+,  Wholesale and retail trade; repair of motor vehicles and motorcycles ",G,18.8,26.5,,,,,,
"60+, Wholesale and retail trade and repair of motor vehicles and motorcycles ",45,20.0,20.3,,,,,,
"60+, Wholesale trade, except of motor vehicles and motorcycles ",46,15.1,21.6,,,,,,
"60+, Retail trade, except of motor vehicles and motorcycles ",47,12.1,26.6,,,,,,
"60+,  Transportation and storage ",H,0.4,3.6,,,,,,
"60+, Land transport and transport via pipelines ",49,0.3,4.0,,,,,,
"60+, Water transport ",50,x,x,,,,,,
"60+, Air transport ",51,x,x,,,,,,
"60+, Warehousing and support activities for transportation ",52,14.9,11.5,,,,,,
"60+, Postal and courier activities ",53,0.5,-0.4,,,,,,
"60+,  Accommodation and food service activities ",I,8.0,13.6,,,,,,
"60+, Accommodation ",55,x,23.8,,,,,,
"60+, Food and beverage service activities ",56,6.8,7.9,,,,,,
"60+,  Information and communication ",J,33.6,14.6,,,,,,
"60+, Publishing activities ",58,x,34.8,,,,,,
"60+, Motion picture, video and television programme production, sound recording and music publishing activities ",59,x,x,,,,,,
"60+, Programming and broadcasting activities ",60,x,x,,,,,,
"60+, Telecommunications ",61,x,x,,,,,,
"60+, Computer programming, consultancy and related activities ",62,x,x,,,,,,
"60+, Information service activities ",63,x,x,,,,,,
"60+,  Financial and insurance activities ",K,52.8,49.6,,,,,,
"60+, Financial service activities, except insurance and pension funding ",64,x,53.6,,,,,,
"60+, Insurance, reinsurance and pension funding, except compulsory social security ",65,53.7,47.3,,,,,,
"60+, Activities auxiliary to financial services and insurance activities ",66,x,47.6,,,,,,
"60+,  Real estate activities ",L,9.3,22.6,,,,,,
"60+, Real estate activities ",68,9.3,22.6,,,,,,
"60+,  Professional, scientific and technical activities ",M,36.8,39.9,,,,,,
"60+, Legal and accounting activities ",69,28.6,33.4,,,,,,
"60+, Activities of head offices; management consultancy activities ",70,x,52.1,,,,,,
"60+, Architectural and engineering activities; technical testing and analysis ",71,37.7,34.5,,,,,,
"60+, Scientific research and development ",72,x,21.6,,,,,,
"60+, Advertising and market research ",73,30.8,36.9,,,,,,
"60+, Other professional, scientific and technical activities ",74,x,x,,,,,,
"60+, Veterinary activities ",75,x,x,,,,,,
"60+,  Administrative and support service activities ",N,11.8,1.6,,,,,,
"60+, Rental and leasing activities ",77,x,x,,,,,,
"60+, Employment activities ",78,7.4,21.6,,,,,,
"60+, Travel agency, tour operator and other reservation service and related activities ",79,x,x,,,,,,
"60+, Security and investigation activities ",80,7.1,4.3,,,,,,
"60+, Services to buildings and landscape activities ",81,17.8,22.9,,,,,,
"60+, Office administrative, office support and other business support activities ",82,21.3,29.6,,,,,,
"60+,  Public administration and defence; compulsory social security ",O,11.8,14.6,,,,,,
"60+, Public administration and defence; compulsory social security ",84,11.8,14.6,,,,,,
"60+,  Education ",P,25.0,23.2,,,,,,
"60+, Education ",85,25.0,23.2,,,,,,
"60+,  Human health and social work activities ",Q,9.4,26.3,,,,,,
"60+, Human health activities ",86,14.6,31.6,,,,,,
"60+, Residential care activities ",87,-1.6,11.1,,,,,,
"60+, Social work activities without accommodation ",88,21.3,21.6,,,,,,
"60+,  Arts, entertainment and recreation ",R,14.8,36.0,,,,,,
"60+, Creative, arts and entertainment activities ",90,x,x,,,,,,
"60+, Libraries, archives, museums and other cultural activities ",91,16.8,19.6,,,,,,
"60+, Gambling and betting activities ",92,x,x,,,,,,
"60+, Sports activities and amusement and recreation activities ",93,-1.4,x,,,,,,
"60+,  Other service activities ",S,2.3,-2.9,,,,,,
"60+, Activities of membership organisations ",94,2.6,0.8,,,,,,
"60+, Repair of computers and personal and household goods ",95,x,x,,,,,,
"60+, Other personal service activities ",96,x,6.4,,,,,,
"60+,  Activities of households as employers; undifferentiated goods-and services-producing activities of households for own use ",T,-18.2,1.4,,,,,,
"60+, Activities of households as employers of domestic personnel ",97,-18.2,1.4,,,,,,
"60+, Undifferentiated goods- and services-producing activities of private households for own use ",98,x,x,,,,,,
"60+,  Activities of extraterritorial organisations and bodies ",U,x,x,,,,,,
"60+, Activities of extraterritorial organisations and bodies ",99,x,x,,,,,,
^  Gender pay gap defined as the difference between men's and women's hourly earnings as a percentage of men's earnings.,,,,,,,,,
^^ Employees on adult rates whose pay for the survey pay-period was not affected by absence.,,,,,,,,,
"Source: Annual Survey of Hours and Earnings, Office for National Statistics.",,,,,,,,,
,,,,,,,,,
,,,,,,,,,
